{"v":"5.12.0","fr":25,"ip":0,"op":43,"w":48,"h":48,"nm":"首页","ddd":0,"assets":[{"id":"image_0","w":48,"h":48,"u":"images/","p":"img_0.png","e":0}],"layers":[{"ddd":0,"ind":1,"ty":2,"nm":"home选中.png","cl":"png","refId":"image_0","sr":1,"ks":{"o":{"a":0,"k":100,"ix":11},"r":{"a":0,"k":0,"ix":10},"p":{"a":0,"k":[24,24,0],"ix":2,"l":2},"a":{"a":0,"k":[24,24,0],"ix":1,"l":2},"s":{"a":1,"k":[{"i":{"x":[0.833,0.833,0.833],"y":[0.833,0.833,0.833]},"o":{"x":[0.167,0.167,0.167],"y":[0.167,0.167,0.167]},"t":0,"s":[30,10,100]},{"t":5,"s":[100,100,100]}],"ix":6,"l":2,"x":"var $bm_rt;\nvar enable, amp, freq, decay, n, t, v;\ntry {\n    $bm_rt = enable = effect('Excite - 缩放')('Pseudo/BNCA2506f0b33-0001');\n    if (enable == 0) {\n        $bm_rt = value;\n    } else {\n        amp = $bm_div(effect('Excite - 缩放')('Pseudo/BNCA2506f0b33-0003'), 2);\n        freq = $bm_div(effect('Excite - 缩放')('Pseudo/BNCA2506f0b33-0004'), 10);\n        decay = $bm_div(effect('Excite - 缩放')('Pseudo/BNCA2506f0b33-0005'), 10);\n        n = 0, 0 < numKeys && (n = nearestKey(time).index, key(n).time > time && n--), t = 0 === n ? 0 : $bm_sub(time, key(n).time), $bm_rt = 0 < n ? (v = velocityAtTime($bm_sub(key(n).time, $bm_div(thisComp.frameDuration, 10))), $bm_sum(value, $bm_div($bm_mul($bm_mul($bm_div(v, 100), amp), Math.sin($bm_mul($bm_mul($bm_mul(freq, t), 2), Math.PI))), Math.exp($bm_mul(decay, t))))) : value;\n    }\n} catch (err) {\n    $bm_rt = value = value;\n}"}},"ao":0,"ef":[{"ty":5,"nm":"Excite - 缩放","np":8,"mn":"Pseudo/BNCA2506f0b33","ix":1,"en":1,"ef":[{"ty":7,"nm":"启用","mn":"Pseudo/BNCA2506f0b33-0001","ix":1,"v":{"a":0,"k":1,"ix":1}},{"ty":6,"nm":"属性","mn":"Pseudo/BNCA2506f0b33-0002","ix":2,"v":0},{"ty":0,"nm":"回弹幅度","mn":"Pseudo/BNCA2506f0b33-0003","ix":3,"v":{"a":0,"k":8,"ix":3,"x":"var $bm_rt;\n$bm_rt = clamp(value, 0, 100);"}},{"ty":0,"nm":"强度","mn":"Pseudo/BNCA2506f0b33-0004","ix":4,"v":{"a":0,"k":25,"ix":4,"x":"var $bm_rt;\n$bm_rt = clamp(value, 0, 100);"}},{"ty":0,"nm":"摩擦力","mn":"Pseudo/BNCA2506f0b33-0005","ix":5,"v":{"a":0,"k":40,"ix":5,"x":"var $bm_rt;\n$bm_rt = clamp(value, 0, 100);"}},{"ty":6,"nm":"","mn":"Pseudo/BNCA2506f0b33-0006","ix":6,"v":0}]}],"ip":0,"op":44,"st":-7,"bm":0}],"markers":[],"props":{}}